No.,等次,词语,类别
1,初等,老张,称呼
2,初等,王老师,称呼
3,初等,高叔叔,称呼
4,初等,李阿姨,称呼
5,初等,春节,传统节日
6,初等,中秋节,传统节日
7,初等,国家图书馆,单位组织名
8,初等,中国银行,单位组织名
9,初等,北京,地名
10,初等,海南,地名
11,初等,上海,地名
12,初等,南京,地名
13,初等,西安,地名
14,初等,黄河,著名河流
15,初等,长江,著名河流
16,初等,北京西站,火车站名
17,初等,北海公园,名胜古迹
18,初等,黄山,名胜古迹
19,初等,长城,名胜古迹
20,初等,天安门,名胜古迹
21,初等,《百家姓》,书名
22,初等,《十万个为什么》,书名
23,初等,陈,姓氏
24,初等,刘,姓氏
25,初等,北京大学,著名大学
26,初等,清华大学,著名大学
27,中等,微信,常用软件
28,中等,支付宝,常用软件
29,中等,微博,常用软件
30,中等,春秋,朝代
31,中等,战国,朝代
32,中等,秦,朝代
33,中等,汉,朝代
34,中等,唐,朝代
35,中等,宋,朝代
36,中等,元,朝代
37,中等,明,朝代
38,中等,清,朝代
39,中等,舞龙,传统活动
40,中等,舞狮,传统活动
41,中等,赛龙舟,传统活动
42,中等,四合院,传统建筑
43,中等,端午节,传统节日
44,中等,清明节,传统节日
45,中等,元宵节,传统节日
46,中等,重阳节,传统节日
47,中等,泼水节,传统节日
48,中等,劳动节,节日
49,中等,国庆节,节日
50,中等,剪纸,传统艺术
51,中等,窗花,传统艺术
52,中等,太极拳,传统运动
53,中等,拔河,传统运动
54,中等,踢毽子,传统运动
55,中等,国家大剧院,单位组织名
56,中等,中国国际航空公司,单位组织名
57,中等,深圳,地名
58,中等,天津,地名
59,中等,云南,地名
60,中等,重庆,地名
61,中等,广州,地名
62,中等,四川,地名
63,中等,孔子,古代人物
64,中等,老子,古代人物
65,中等,李白,古代人物
66,中等,白居易,古代人物
67,中等,杜甫,古代人物
68,中等,唐诗,古代文学体裁
69,中等,宋词,古代文学体裁
70,中等,北京首都国际机场,机场名
71,中等,桂林山水,名胜古迹
72,中等,九寨沟,名胜古迹
73,中等,故宫,名胜古迹
74,中等,兵马俑,名胜古迹
75,中等,恒山,名胜古迹
76,中等,衡山,名胜古迹
77,中等,华山,名胜古迹
78,中等,嵩山,名胜古迹
79,中等,泰山,名胜古迹
80,中等,少林寺,名胜古迹
81,中等,西湖,名胜古迹
82,中等,张家界国家森林公园,名胜古迹
83,中等,苏州园林,名胜古迹
84,中等,长江大桥,桥梁名
85,中等,《现代汉语词典》,书名
86,中等,《三字经》,书名
87,中等,世界杯,体育赛事
88,中等,奥运会,体育赛事
89,中等,鲁迅,现当代文学家
90,中等,老舍,现当代文学家
91,中等,冰心,现当代文学家
92,中等,梅兰芳,艺术名家
93,中等,齐白石,艺术名家
94,中等,杨,姓氏
95,中等,郭,姓氏
96,中等,胡,姓氏
97,中等,吴,姓氏
98,中等,徐,姓氏
99,中等,赵,姓氏
100,中等,朱,姓氏
101,中等,印刷术,中国古代发明
102,中等,造纸术,中国古代发明
103,中等,指南针,中国古代发明
104,中等,火药,中国古代发明
105,高等,川剧变脸,传统艺术
106,高等,皮影戏,传统艺术
107,高等,昆曲,传统艺术
108,高等,捏面人,传统艺术
109,高等,吹糖人,传统艺术
110,高等,中国漆器,传统艺术
111,高等,八段锦,传统运动
112,高等,壹,大写数字
113,高等,贰,大写数字
114,高等,叁,大写数字
115,高等,肆,大写数字
116,高等,伍,大写数字
117,高等,陆,大写数字
118,高等,柒,大写数字
119,高等,捌,大写数字
120,高等,玖,大写数字
121,高等,拾,大写数字
122,高等,敦煌,地名
123,高等,伯乐,古代人物
124,高等,曹操,古代人物
125,高等,诸葛亮,古代人物
126,高等,秦始皇,古代人物
127,高等,郑和,古代人物
128,高等,李时珍,古代人物
129,高等,祖冲之,古代人物
130,高等,屈原,古代人物
131,高等,苏轼,古代人物
132,高等,陶渊明,古代人物
133,高等,王羲之,古代人物
134,高等,白露,节气
135,高等,处暑,节气
136,高等,春分,节气
137,高等,大寒,节气
138,高等,大暑,节气
139,高等,大雪,节气
140,高等,冬至,节气
141,高等,谷雨,节气
142,高等,寒露,节气
143,高等,惊蛰,节气
144,高等,立春,节气
145,高等,立冬,节气
146,高等,立秋,节气
147,高等,立夏,节气
148,高等,芒种,节气
149,高等,清明,节气
150,高等,秋分,节气
151,高等,霜降,节气
152,高等,夏至,节气
153,高等,小寒,节气
154,高等,小满,节气
155,高等,小暑,节气
156,高等,小雪,节气
157,高等,雨水,节气
158,高等,汉族,民族
159,高等,壮族,民族
160,高等,回族,民族
161,高等,满族,民族
162,高等,维吾尔族,民族
163,高等,苗族,民族
164,高等,彝族,民族
165,高等,土家族,民族
166,高等,藏族,民族
167,高等,蒙古族,民族
168,高等,颐和园,名胜古迹
169,高等,天坛,名胜古迹
170,高等,云冈石窟,名胜古迹
171,高等,龙门石窟,名胜古迹
172,高等,日月潭,名胜古迹
173,高等,嫦娥,神话人物
174,高等,伏羲,神话人物
175,高等,后羿,神话人物
176,高等,女娲,神话人物
177,高等,精卫,神话人物
178,高等,盘古,神话人物
179,高等,安徽省：皖,省级行政区域简称
180,高等,澳门特别行政区：澳,省级行政区域简称
181,高等,北京市：京,省级行政区域简称
182,高等,福建省：闽,省级行政区域简称
183,高等,甘肃省：甘/陇,省级行政区域简称
184,高等,广东省：粤,省级行政区域简称
185,高等,广西壮族自治区：桂,省级行政区域简称
186,高等,贵州省：贵/黔,省级行政区域简称
187,高等,海南省：琼,省级行政区域简称
188,高等,河北省：冀,省级行政区域简称
189,高等,河南省：豫,省级行政区域简称
190,高等,黑龙江省：黑,省级行政区域简称
191,高等,湖北省：鄂,省级行政区域简称
192,高等,湖南省：湘,省级行政区域简称
193,高等,吉林省：吉,省级行政区域简称
194,高等,江苏省：苏,省级行政区域简称
195,高等,江西省：赣,省级行政区域简称
196,高等,辽宁省：辽,省级行政区域简称
197,高等,内蒙古自治区：内蒙古,省级行政区域简称
198,高等,宁夏回族自治区：宁,省级行政区域简称
199,高等,青海省：青,省级行政区域简称
200,高等,山东省：鲁,省级行政区域简称
201,高等,山西省：晋,省级行政区域简称
202,高等,陕西省：陕/秦,省级行政区域简称
203,高等,上海市：沪,省级行政区域简称
204,高等,四川省：川/蜀,省级行政区域简称
205,高等,台湾省：台,省级行政区域简称
206,高等,天津市：津,省级行政区域简称
207,高等,西藏自治区：藏,省级行政区域简称
208,高等,香港特别行政区：港,省级行政区域简称
209,高等,新疆维吾尔自治区：新,省级行政区域简称
210,高等,云南省：云/滇,省级行政区域简称
211,高等,浙江省：浙,省级行政区域简称
212,高等,重庆市：渝,省级行政区域简称
213,高等,《红楼梦》,书名
214,高等,《三国演义》,书名
215,高等,《水浒传》,书名
216,高等,《西游记》,书名
217,高等,《诗经》,书名
218,高等,《论语》,书名
219,高等,《孙子兵法》,书名
220,高等,川菜,四大菜系
221,高等,鲁菜,四大菜系
222,高等,淮扬菜,四大菜系
223,高等,粤菜,四大菜系
224,高等,孙悟空,小说人物
225,高等,贾宝玉,小说人物
226,高等,林黛玉,小说人物
227,高等,《清明上河图》,艺术作品
228,高等,《高山流水》,艺术作品
229,高等,《茉莉花》,艺术作品
230,高等,道家,学派
231,高等,儒家,学派
