No.,级别,汉字
1,一级,爱
2,一级,八
3,一级,爸
4,一级,吧
5,一级,白
6,一级,百
7,一级,班
8,一级,半
9,一级,包
10,一级,杯
11,一级,本
12,一级,边
13,一级,便
14,一级,病
15,一级,不
16,一级,菜
17,一级,茶
18,一级,常
19,一级,唱
20,一级,超
21,一级,车
22,一级,吃
23,一级,出
24,一级,穿
25,一级,床
26,一级,打
27,一级,大
28,一级,蛋
29,一级,到
30,一级,道
31,一级,得
32,一级,的
33,一级,弟
34,一级,第
35,一级,点
36,一级,电
37,一级,东
38,一级,都
39,一级,读
40,一级,对
41,一级,多
42,一级,儿
43,一级,二
44,一级,饭
45,一级,房
46,一级,飞
47,一级,非
48,一级,分
49,一级,服
50,一级,高
51,一级,哥
52,一级,歌
53,一级,个
54,一级,给
55,一级,工
56,一级,公
57,一级,狗
58,一级,关
59,一级,贵
60,一级,国
61,一级,果
62,一级,还
63,一级,孩
64,一级,汉
65,一级,好
66,一级,号
67,一级,喝
68,一级,和
69,一级,很
70,一级,后
71,一级,候
72,一级,话
73,一级,欢
74,一级,回
75,一级,会
76,一级,火
77,一级,机
78,一级,鸡
79,一级,几
80,一级,家
81,一级,间
82,一级,见
83,一级,件
84,一级,叫
85,一级,姐
86,一级,今
87,一级,九
88,一级,觉
89,一级,开
90,一级,看
91,一级,可
92,一级,客
93,一级,课
94,一级,口
95,一级,块
96,一级,来
97,一级,老
98,一级,了
99,一级,冷
100,一级,里
101,一级,两
102,一级,亮
103,一级,零
104,一级,六
105,一级,妈
106,一级,吗
107,一级,买
108,一级,卖
109,一级,忙
110,一级,猫
111,一级,么
112,一级,没
113,一级,妹
114,一级,们
115,一级,米
116,一级,面
117,一级,名
118,一级,明
119,一级,哪
120,一级,那
121,一级,奶
122,一级,男
123,一级,脑
124,一级,呢
125,一级,能
126,一级,你
127,一级,年
128,一级,您
129,一级,牛
130,一级,女
131,一级,朋
132,一级,漂
133,一级,苹
134,一级,七
135,一级,期
136,一级,起
137,一级,气
138,一级,千
139,一级,前
140,一级,钱
141,一级,请
142,一级,去
143,一级,热
144,一级,人
145,一级,认
146,一级,日
147,一级,三
148,一级,商
149,一级,上
150,一级,少
151,一级,谁
152,一级,什
153,一级,生
154,一级,师
155,一级,十
156,一级,时
157,一级,识
158,一级,士
159,一级,市
160,一级,事
161,一级,视
162,一级,是
163,一级,手
164,一级,书
165,一级,水
166,一级,睡
167,一级,说
168,一级,司
169,一级,四
170,一级,岁
171,一级,他
172,一级,它
173,一级,她
174,一级,太
175,一级,题
176,一级,天
177,一级,条
178,一级,听
179,一级,同
180,一级,外
181,一级,玩
182,一级,晚
183,一级,喂
184,一级,文
185,一级,问
186,一级,我
187,一级,五
188,一级,午
189,一级,西
190,一级,息
191,一级,习
192,一级,喜
193,一级,系
194,一级,下
195,一级,先
196,一级,现
197,一级,想
198,一级,小
199,一级,校
200,一级,些
201,一级,写
202,一级,谢
203,一级,新
204,一级,星
205,一级,兴
206,一级,休
207,一级,学
208,一级,雪
209,一级,样
210,一级,要
211,一级,也
212,一级,一
213,一级,衣
214,一级,医
215,一级,宜
216,一级,以
217,一级,椅
218,一级,影
219,一级,友
220,一级,有
221,一级,雨
222,一级,语
223,一级,元
224,一级,院
225,一级,月
226,一级,再
227,一级,在
228,一级,早
229,一级,怎
230,一级,找
231,一级,这
232,一级,真
233,一级,正
234,一级,知
235,一级,只
236,一级,中
237,一级,钟
238,一级,住
239,一级,桌
240,一级,子
241,一级,字
242,一级,租
243,一级,昨
244,一级,作
245,一级,坐
246,一级,做
247,二级,啊
248,二级,帮
249,二级,备
250,二级,比
251,二级,笔
252,二级,表
253,二级,别
254,二级,步
255,二级,场
256,二级,词
257,二级,次
258,二级,从
259,二级,错
260,二级,但
261,二级,地
262,二级,等
263,二级,店
264,二级,懂
265,二级,动
266,二级,啡
267,二级,夫
268,二级,告
269,二级,跟
270,二级,馆
271,二级,过
272,二级,黑
273,二级,红
274,二级,花
275,二级,画
276,二级,坏
277,二级,己
278,二级,记
279,二级,交
280,二级,教
281,二级,介
282,二级,进
283,二级,近
284,二级,经
285,二级,睛
286,二级,酒
287,二级,就
288,二级,咖
289,二级,考
290,二级,裤
291,二级,快
292,二级,篮
293,二级,乐
294,二级,累
295,二级,离
296,二级,留
297,二级,楼
298,二级,路
299,二级,旅
300,二级,绿
301,二级,慢
302,二级,每
303,二级,门
304,二级,拿
305,二级,鸟
306,二级,旁
307,二级,跑
308,二级,票
309,二级,妻
310,二级,情
311,二级,晴
312,二级,球
313,二级,然
314,二级,让
315,二级,肉
316,二级,色
317,二级,绍
318,二级,身
319,二级,始
320,二级,试
321,二级,室
322,二级,舒
323,二级,思
324,二级,送
325,二级,诉
326,二级,虽
327,二级,所
328,二级,疼
329,二级,踢
330,二级,体
331,二级,跳
332,二级,铁
333,二级,头
334,二级,完
335,二级,万
336,二级,网
337,二级,往
338,二级,忘
339,二级,望
340,二级,为
341,二级,位
342,二级,舞
343,二级,希
344,二级,洗
345,二级,笑
346,二级,姓
347,二级,颜
348,二级,眼
349,二级,药
350,二级,爷
351,二级,已
352,二级,意
353,二级,因
354,二级,阴
355,二级,泳
356,二级,游
357,二级,右
358,二级,鱼
359,二级,远
360,二级,运
361,二级,站
362,二级,长
363,二级,丈
364,二级,周
365,二级,着
366,二级,准
367,二级,自
368,二级,走
369,二级,足
370,二级,最
371,二级,左
372,三级,阿
373,三级,矮
374,三级,安
375,三级,把
376,三级,般
377,三级,搬
378,三级,板
379,三级,办
380,三级,饱
381,三级,报
382,三级,北
383,三级,被
384,三级,必
385,三级,变
386,三级,遍
387,三级,宾
388,三级,冰
389,三级,才
390,三级,参
391,三级,草
392,三级,层
393,三级,查
394,三级,差
395,三级,尝
396,三级,衬
397,三级,成
398,三级,城
399,三级,迟
400,三级,持
401,三级,初
402,三级,除
403,三级,楚
404,三级,处
405,三级,船
406,三级,春
407,三级,聪
408,三级,答
409,三级,带
410,三级,担
411,三级,单
412,三级,当
413,三级,灯
414,三级,典
415,三级,调
416,三级,定
417,三级,丢
418,三级,冬
419,三级,短
420,三级,段
421,三级,锻
422,三级,朵
423,三级,饿
424,三级,而
425,三级,耳
426,三级,发
427,三级,法
428,三级,方
429,三级,放
430,三级,风
431,三级,封
432,三级,附
433,三级,复
434,三级,该
435,三级,概
436,三级,感
437,三级,干
438,三级,刚
439,三级,糕
440,三级,根
441,三级,更
442,三级,共
443,三级,故
444,三级,顾
445,三级,瓜
446,三级,刮
447,三级,怪
448,三级,惯
449,三级,海
450,三级,害
451,三级,合
452,三级,河
453,三级,乎
454,三级,护
455,三级,化
456,三级,环
457,三级,换
458,三级,黄
459,三级,婚
460,三级,活
461,三级,或
462,三级,激
463,三级,级
464,三级,极
465,三级,急
466,三级,季
467,三级,绩
468,三级,加
469,三级,假
470,三级,坚
471,三级,检
472,三级,简
473,三级,健
474,三级,讲
475,三级,蕉
476,三级,角
477,三级,饺
478,三级,脚
479,三级,较
480,三级,接
481,三级,街
482,三级,节
483,三级,结
484,三级,解
485,三级,界
486,三级,借
487,三级,斤
488,三级,净
489,三级,静
490,三级,境
491,三级,久
492,三级,旧
493,三级,居
494,三级,句
495,三级,据
496,三级,决
497,三级,卡
498,三级,康
499,三级,渴
500,三级,刻
501,三级,空
502,三级,哭
503,三级,筷
504,三级,矿
505,三级,蓝
506,三级,礼
507,三级,李
508,三级,理
509,三级,力
510,三级,历
511,三级,脸
512,三级,练
513,三级,炼
514,三级,凉
515,三级,辆
516,三级,聊
517,三级,料
518,三级,邻
519,三级,凌
520,三级,马
521,三级,码
522,三级,满
523,三级,毛
524,三级,冒
525,三级,末
526,三级,目
527,三级,南
528,三级,难
529,三级,努
530,三级,爬
531,三级,怕
532,三级,拍
533,三级,盘
534,三级,胖
535,三级,啤
536,三级,片
537,三级,平
538,三级,瓶
539,三级,其
540,三级,奇
541,三级,骑
542,三级,汽
543,三级,铅
544,三级,且
545,三级,轻
546,三级,清
547,三级,秋
548,三级,求
549,三级,区
550,三级,趣
551,三级,全
552,三级,泉
553,三级,裙
554,三级,容
555,三级,如
556,三级,赛
557,三级,伞
558,三级,扫
559,三级,沙
560,三级,山
561,三级,衫
562,三级,烧
563,三级,勺
564,三级,声
565,三级,实
566,三级,史
567,三级,世
568,三级,适
569,三级,收
570,三级,受
571,三级,瘦
572,三级,叔
573,三级,束
574,三级,树
575,三级,数
576,三级,刷
577,三级,双
578,三级,算
579,三级,糖
580,三级,特
581,三级,梯
582,三级,提
583,三级,甜
584,三级,挺
585,三级,突
586,三级,图
587,三级,腿
588,三级,碗
589,三级,卫
590,三级,闻
591,三级,屋
592,三级,务
593,三级,物
594,三级,戏
595,三级,夏
596,三级,鲜
597,三级,相
598,三级,香
599,三级,箱
600,三级,响
601,三级,向
602,三级,像
603,三级,鞋
604,三级,心
605,三级,信
606,三级,行
607,三级,熊
608,三级,须
609,三级,需
610,三级,选
611,三级,牙
612,三级,言
613,三级,演
614,三级,羊
615,三级,阳
616,三级,养
617,三级,业
618,三级,页
619,三级,姨
620,三级,议
621,三级,易
622,三级,音
623,三级,银
624,三级,饮
625,三级,应
626,三级,迎
627,三级,用
628,三级,邮
629,三级,又
630,三级,于
631,三级,羽
632,三级,育
633,三级,遇
634,三级,园
635,三级,员
636,三级,愿
637,三级,越
638,三级,咱
639,三级,脏
640,三级,澡
641,三级,择
642,三级,展
643,三级,张
644,三级,照
645,三级,者
646,三级,直
647,三级,纸
648,三级,终
649,三级,种
650,三级,重
651,三级,主
652,三级,助
653,三级,注
654,三级,总
655,三级,嘴
656,四级,按
657,四级,案
658,四级,傲
659,四级,巴
660,四级,败
661,四级,棒
662,四级,保
663,四级,抱
664,四级,背
665,四级,倍
666,四级,笨
667,四级,鼻
668,四级,毕
669,四级,标
670,四级,饼
671,四级,并
672,四级,播
673,四级,博
674,四级,膊
675,四级,部
676,四级,擦
677,四级,猜
678,四级,材
679,四级,彩
680,四级,餐
681,四级,操
682,四级,厕
683,四级,察
684,四级,产
685,四级,厂
686,四级,晨
687,四级,诚
688,四级,乘
689,四级,程
690,四级,厨
691,四级,础
692,四级,窗
693,四级,吹
694,四级,此
695,四级,粗
696,四级,村
697,四级,存
698,四级,达
699,四级,待
700,四级,袋
701,四级,戴
702,四级,弹
703,四级,刀
704,四级,导
705,四级,倒
706,四级,登
707,四级,低
708,四级,底
709,四级,递
710,四级,掉
711,四级,订
712,四级,堵
713,四级,肚
714,四级,度
715,四级,断
716,四级,队
717,四级,顿
718,四级,尔
719,四级,翻
720,四级,烦
721,四级,反
722,四级,费
723,四级,份
724,四级,奋
725,四级,丰
726,四级,否
727,四级,肤
728,四级,符
729,四级,幅
730,四级,福
731,四级,父
732,四级,付
733,四级,负
734,四级,傅
735,四级,富
736,四级,改
737,四级,赶
738,四级,敢
739,四级,钢
740,四级,膏
741,四级,胳
742,四级,格
743,四级,各
744,四级,功
745,四级,供
746,四级,购
747,四级,够
748,四级,估
749,四级,姑
750,四级,鼓
751,四级,挂
752,四级,观
753,四级,管
754,四级,光
755,四级,广
756,四级,逛
757,四级,规
758,四级,咳
759,四级,寒
760,四级,喊
761,四级,汗
762,四级,航
763,四级,何
764,四级,盒
765,四级,贺
766,四级,厚
767,四级,呼
768,四级,忽
769,四级,虎
770,四级,互
771,四级,户
772,四级,划
773,四级,怀
774,四级,悔
775,四级,伙
776,四级,货
777,四级,获
778,四级,圾
779,四级,积
780,四级,基
781,四级,及
782,四级,即
783,四级,籍
784,四级,计
785,四级,纪
786,四级,技
787,四级,际
788,四级,济
789,四级,既
790,四级,继
791,四级,寄
792,四级,价
793,四级,减
794,四级,建
795,四级,键
796,四级,江
797,四级,将
798,四级,奖
799,四级,降
800,四级,郊
801,四级,骄
802,四级,巾
803,四级,金
804,四级,仅
805,四级,尽
806,四级,紧
807,四级,禁
808,四级,京
809,四级,惊
810,四级,精
811,四级,景
812,四级,警
813,四级,竞
814,四级,竟
815,四级,镜
816,四级,究
817,四级,举
818,四级,拒
819,四级,具
820,四级,剧
821,四级,距
822,四级,聚
823,四级,绝
824,四级,烤
825,四级,科
826,四级,棵
827,四级,克
828,四级,肯
829,四级,恐
830,四级,苦
831,四级,况
832,四级,困
833,四级,垃
834,四级,拉
835,四级,辣
836,四级,懒
837,四级,浪
838,四级,厉
839,四级,丽
840,四级,励
841,四级,利
842,四级,例
843,四级,俩
844,四级,连
845,四级,联
846,四级,谅
847,四级,量
848,四级,列
849,四级,林
850,四级,龄
851,四级,另
852,四级,流
853,四级,乱
854,四级,论
855,四级,落
856,四级,律
857,四级,虑
858,四级,麻
859,四级,馒
860,四级,漫
861,四级,帽
862,四级,貌
863,四级,美
864,四级,梦
865,四级,迷
866,四级,密
867,四级,免
868,四级,秒
869,四级,民
870,四级,命
871,四级,默
872,四级,母
873,四级,慕
874,四级,耐
875,四级,恼
876,四级,闹
877,四级,内
878,四级,嗯
879,四级,娘
880,四级,农
881,四级,弄
882,四级,暖
883,四级,偶
884,四级,排
885,四级,牌
886,四级,判
887,四级,乓
888,四级,陪
889,四级,批
890,四级,皮
891,四级,脾
892,四级,篇
893,四级,频
894,四级,品
895,四级,聘
896,四级,乒
897,四级,评
898,四级,泼
899,四级,破
900,四级,葡
901,四级,普
902,四级,戚
903,四级,弃
904,四级,签
905,四级,歉
906,四级,强
907,四级,敲
908,四级,桥
909,四级,巧
910,四级,切
911,四级,亲
912,四级,琴
913,四级,青
914,四级,庆
915,四级,取
916,四级,缺
917,四级,却
918,四级,确
919,四级,染
920,四级,扰
921,四级,任
922,四级,扔
923,四级,仍
924,四级,入
925,四级,散
926,四级,森
927,四级,伤
928,四级,稍
929,四级,社
930,四级,摄
931,四级,申
932,四级,深
933,四级,甚
934,四级,省
935,四级,剩
936,四级,失
937,四级,拾
938,四级,食
939,四级,使
940,四级,氏
941,四级,示
942,四级,式
943,四级,柿
944,四级,释
945,四级,匙
946,四级,首
947,四级,授
948,四级,售
949,四级,输
950,四级,熟
951,四级,暑
952,四级,术
953,四级,帅
954,四级,顺
955,四级,硕
956,四级,死
957,四级,松
958,四级,嗽
959,四级,速
960,四级,塑
961,四级,酸
962,四级,随
963,四级,孙
964,四级,台
965,四级,抬
966,四级,态
967,四级,谈
968,四级,汤
969,四级,躺
970,四级,趟
971,四级,萄
972,四级,讨
973,四级,套
974,四级,堂
975,四级,填
976,四级,厅
977,四级,庭
978,四级,停
979,四级,通
980,四级,童
981,四级,桶
982,四级,痛
983,四级,土
984,四级,推
985,四级,脱
986,四级,袜
987,四级,危
988,四级,微
989,四级,围
990,四级,味
991,四级,温
992,四级,污
993,四级,无
994,四级,误
995,四级,吸
996,四级,悉
997,四级,惜
998,四级,细
999,四级,咸
1000,四级,险
1001,四级,线
1002,四级,羡
1003,四级,乡
1004,四级,详
1005,四级,项
1006,四级,象
1007,四级,消
1008,四级,效
1009,四级,辛
1010,四级,醒
1011,四级,幸
1012,四级,性
1013,四级,兄
1014,四级,修
1015,四级,羞
1016,四级,秀
1017,四级,许
1018,四级,序
1019,四级,续
1020,四级,血
1021,四级,压
1022,四级,亚
1023,四级,烟
1024,四级,严
1025,四级,研
1026,四级,盐
1027,四级,厌
1028,四级,验
1029,四级,扬
1030,四级,洋
1031,四级,邀
1032,四级,钥
1033,四级,叶
1034,四级,夜
1035,四级,疑
1036,四级,艺
1037,四级,忆
1038,四级,译
1039,四级,谊
1040,四级,引
1041,四级,印
1042,四级,赢
1043,四级,永
1044,四级,勇
1045,四级,优
1046,四级,幽
1047,四级,尤
1048,四级,由
1049,四级,油
1050,四级,愉
1051,四级,与
1052,四级,预
1053,四级,原
1054,四级,约
1055,四级,阅
1056,四级,云
1057,四级,允
1058,四级,杂
1059,四级,仔
1060,四级,暂
1061,四级,则
1062,四级,责
1063,四级,增
1064,四级,章
1065,四级,账
1066,四级,招
1067,四级,折
1068,四级,针
1069,四级,争
1070,四级,整
1071,四级,证
1072,四级,之
1073,四级,支
1074,四级,汁
1075,四级,值
1076,四级,职
1077,四级,植
1078,四级,止
1079,四级,址
1080,四级,指
1081,四级,至
1082,四级,志
1083,四级,质
1084,四级,众
1085,四级,洲
1086,四级,祝
1087,四级,著
1088,四级,专
1089,四级,转
1090,四级,赚
1091,四级,装
1092,四级,资
1093,四级,族
1094,四级,组
1095,四级,尊
1096,四级,座
1097,五级,哎
1098,五级,唉
1099,五级,暗
1100,五级,熬
1101,五级,版
1102,五级,扮
1103,五级,伴
1104,五级,膀
1105,五级,傍
1106,五级,薄
1107,五级,宝
1108,五级,暴
1109,五级,贝
1110,五级,彼
1111,五级,币
1112,五级,闭
1113,五级,避
1114,五级,拨
1115,五级,玻
1116,五级,补
1117,五级,布
1118,五级,裁
1119,五级,采
1120,五级,藏
1121,五级,册
1122,五级,测
1123,五级,曾
1124,五级,叉
1125,五级,插
1126,五级,拆
1127,五级,倡
1128,五级,朝
1129,五级,吵
1130,五级,炒
1131,五级,彻
1132,五级,沉
1133,五级,称
1134,五级,承
1135,五级,橙
1136,五级,池
1137,五级,尺
1138,五级,齿
1139,五级,翅
1140,五级,冲
1141,五级,充
1142,五级,虫
1143,五级,宠
1144,五级,抽
1145,五级,丑
1146,五级,臭
1147,五级,触
1148,五级,传
1149,五级,创
1150,五级,辞
1151,五级,刺
1152,五级,促
1153,五级,催
1154,五级,措
1155,五级,代
1156,五级,胆
1157,五级,旦
1158,五级,淡
1159,五级,挡
1160,五级,档
1161,五级,蹈
1162,五级,敌
1163,五级,蝶
1164,五级,冻
1165,五级,洞
1166,五级,斗
1167,五级,豆
1168,五级,独
1169,五级,堆
1170,五级,吨
1171,五级,盾
1172,五级,躲
1173,五级,乏
1174,五级,罚
1175,五级,番
1176,五级,繁
1177,五级,返
1178,五级,泛
1179,五级,范
1180,五级,防
1181,五级,仿
1182,五级,访
1183,五级,肥
1184,五级,纷
1185,五级,疯
1186,五级,扶
1187,五级,佛
1188,五级,府
1189,五级,腐
1190,五级,妇
1191,五级,副
1192,五级,盖
1193,五级,搞
1194,五级,革
1195,五级,隔
1196,五级,恭
1197,五级,贡
1198,五级,沟
1199,五级,构
1200,五级,古
1201,五级,固
1202,五级,冠
1203,五级,瑰
1204,五级,柜
1205,五级,滚
1206,五级,锅
1207,五级,裹
1208,五级,哈
1209,五级,含
1210,五级,憾
1211,五级,衡
1212,五级,猴
1213,五级,胡
1214,五级,湖
1215,五级,蝴
1216,五级,糊
1217,五级,华
1218,五级,滑
1219,五级,缓
1220,五级,灰
1221,五级,挥
1222,五级,恢
1223,五级,汇
1224,五级,惠
1225,五级,慧
1226,五级,祸
1227,五级,肌
1228,五级,疾
1229,五级,集
1230,五级,辑
1231,五级,挤
1232,五级,迹
1233,五级,佳
1234,五级,嘉
1235,五级,甲
1236,五级,驾
1237,五级,架
1238,五级,艰
1239,五级,捡
1240,五级,剪
1241,五级,荐
1242,五级,渐
1243,五级,践
1244,五级,浆
1245,五级,浇
1246,五级,阶
1247,五级,届
1248,五级,谨
1249,五级,敬
1250,五级,救
1251,五级,局
1252,五级,橘
1253,五级,巨
1254,五级,捐
1255,五级,卷
1256,五级,军
1257,五级,均
1258,五级,靠
1259,五级,颗
1260,五级,控
1261,五级,扣
1262,五级,库
1263,五级,宽
1264,五级,款
1265,五级,狂
1266,五级,亏
1267,五级,昆
1268,五级,扩
1269,五级,括
1270,五级,览
1271,五级,郎
1272,五级,劳
1273,五级,姥
1274,五级,泪
1275,五级,类
1276,五级,厘
1277,五级,梨
1278,五级,璃
1279,五级,立
1280,五级,恋
1281,五级,良
1282,五级,粮
1283,五级,疗
1284,五级,烈
1285,五级,临
1286,五级,灵
1287,五级,铃
1288,五级,领
1289,五级,令
1290,五级,浏
1291,五级,龙
1292,五级,漏
1293,五级,陆
1294,五级,录
1295,五级,碌
1296,五级,逻
1297,五级,络
1298,五级,率
1299,五级,骂
1300,五级,矛
1301,五级,玫
1302,五级,媒
1303,五级,魅
1304,五级,秘
1305,五级,眠
1306,五级,描
1307,五级,敏
1308,五级,摸
1309,五级,模
1310,五级,陌
1311,五级,漠
1312,五级,某
1313,五级,木
1314,五级,幕
1315,五级,奈
1316,五级,念
1317,五级,浓
1318,五级,哦
1319,五级,欧
1320,五级,派
1321,五级,培
1322,五级,赔
1323,五级,配
1324,五级,盆
1325,五级,碰
1326,五级,匹
1327,五级,骗
1328,五级,拼
1329,五级,凭
1330,五级,屏
1331,五级,婆
1332,五级,齐
1333,五级,企
1334,五级,器
1335,五级,浅
1336,五级,欠
1337,五级,墙
1338,五级,抢
1339,五级,悄
1340,五级,茄
1341,五级,勤
1342,五级,穷
1343,五级,曲
1344,五级,趋
1345,五级,权
1346,五级,劝
1347,五级,群
1348,五级,燃
1349,五级,绕
1350,五级,忍
1351,五级,荣
1352,五级,软
1353,五级,润
1354,五级,弱
1355,五级,洒
1356,五级,傻
1357,五级,厦
1358,五级,晒
1359,五级,删
1360,五级,扇
1361,五级,善
1362,五级,擅
1363,五级,赏
1364,五级,蛇
1365,五级,舍
1366,五级,设
1367,五级,伸
1368,五级,神
1369,五级,慎
1370,五级,升
1371,五级,胜
1372,五级,诗
1373,五级,施
1374,五级,湿
1375,五级,石
1376,五级,驶
1377,五级,似
1378,五级,势
1379,五级,饰
1380,五级,守
1381,五级,殊
1382,五级,蔬
1383,五级,属
1384,五级,鼠
1385,五级,述
1386,五级,摔
1387,五级,税
1388,五级,私
1389,五级,搜
1390,五级,俗
1391,五级,肃
1392,五级,素
1393,五级,宿
1394,五级,碎
1395,五级,损
1396,五级,缩
1397,五级,索
1398,五级,锁
1399,五级,桃
1400,五级,替
1401,五级,挑
1402,五级,贴
1403,五级,统
1404,五级,投
1405,五级,途
1406,五级,兔
1407,五级,团
1408,五级,退
1409,五级,拖
1410,五级,弯
1411,五级,威
1412,五级,违
1413,五级,唯
1414,五级,维
1415,五级,伟
1416,五级,尾
1417,五级,未
1418,五级,胃
1419,五级,慰
1420,五级,稳
1421,五级,卧
1422,五级,握
1423,五级,伍
1424,五级,武
1425,五级,雾
1426,五级,夕
1427,五级,析
1428,五级,席
1429,五级,闲
1430,五级,显
1431,五级,县
1432,五级,限
1433,五级,献
1434,五级,厢
1435,五级,享
1436,五级,橡
1437,五级,销
1438,五级,肖
1439,五级,协
1440,五级,胁
1441,五级,斜
1442,五级,欣
1443,五级,形
1444,五级,型
1445,五级,虚
1446,五级,绪
1447,五级,宣
1448,五级,寻
1449,五级,询
1450,五级,训
1451,五级,迅
1452,五级,押
1453,五级,鸭
1454,五级,呀
1455,五级,延
1456,五级,沿
1457,五级,腰
1458,五级,摇
1459,五级,咬
1460,五级,依
1461,五级,移
1462,五级,遗
1463,五级,乙
1464,五级,亿
1465,五级,义
1466,五级,益
1467,五级,营
1468,五级,映
1469,五级,硬
1470,五级,拥
1471,五级,悠
1472,五级,犹
1473,五级,幼
1474,五级,余
1475,五级,娱
1476,五级,玉
1477,五级,域
1478,五级,喻
1479,五级,寓
1480,五级,豫
1481,五级,圆
1482,五级,源
1483,五级,怨
1484,五级,载
1485,五级,赞
1486,五级,糟
1487,五级,造
1488,五级,赠
1489,五级,炸
1490,五级,摘
1491,五级,窄
1492,五级,占
1493,五级,战
1494,五级,涨
1495,五级,掌
1496,五级,召
1497,五级,哲
1498,五级,珍
1499,五级,诊
1500,五级,阵
1501,五级,震
1502,五级,征
1503,五级,挣
1504,五级,政
1505,五级,织
1506,五级,执
1507,五级,制
1508,五级,治
1509,五级,致
1510,五级,智
1511,五级,置
1512,五级,猪
1513,五级,竹
1514,五级,逐
1515,五级,煮
1516,五级,筑
1517,五级,抓
1518,五级,状
1519,五级,撞
1520,五级,追
1521,五级,咨
1522,五级,姿
1523,五级,紫
1524,五级,综
1525,五级,阻
1526,五级,醉
1527,五级,遵
1528,六级,碍
1529,六级,岸
1530,六级,昂
1531,六级,拔
1532,六级,摆
1533,六级,拜
1534,六级,榜
1535,六级,胞
1536,六级,爆
1537,六级,悲
1538,六级,辈
1539,六级,奔
1540,六级,逼
1541,六级,壁
1542,六级,臂
1543,六级,编
1544,六级,兵
1545,六级,脖
1546,六级,捕
1547,六级,财
1548,六级,踩
1549,六级,残
1550,六级,仓
1551,六级,侧
1552,六级,策
1553,六级,柴
1554,六级,肠
1555,六级,偿
1556,六级,畅
1557,六级,抄
1558,六级,嘲
1559,六级,潮
1560,六级,撤
1561,六级,臣
1562,六级,尘
1563,六级,趁
1564,六级,撑
1565,六级,呈
1566,六级,惩
1567,六级,崇
1568,六级,愁
1569,六级,筹
1570,六级,储
1571,六级,串
1572,六级,闯
1573,六级,垂
1574,六级,纯
1575,六级,瓷
1576,六级,匆
1577,六级,醋
1578,六级,脆
1579,六级,寸
1580,六级,挫
1581,六级,搭
1582,六级,呆
1583,六级,贷
1584,六级,耽
1585,六级,诞
1586,六级,岛
1587,六级,稻
1588,六级,德
1589,六级,滴
1590,六级,抵
1591,六级,帝
1592,六级,吊
1593,六级,钓
1594,六级,跌
1595,六级,顶
1596,六级,栋
1597,六级,逗
1598,六级,督
1599,六级,毒
1600,六级,渡
1601,六级,端
1602,六级,蹲
1603,六级,夺
1604,六级,额
1605,六级,恶
1606,六级,帆
1607,六级,凡
1608,六级,犯
1609,六级,妨
1610,六级,肪
1611,六级,肺
1612,六级,氛
1613,六级,粉
1614,六级,愤
1615,六级,峰
1616,六级,蜂
1617,六级,奉
1618,六级,浮
1619,六级,辅
1620,六级,赋
1621,六级,覆
1622,六级,尬
1623,六级,肝
1624,六级,尴
1625,六级,岗
1626,六级,港
1627,六级,稿
1628,六级,割
1629,六级,攻
1630,六级,宫
1631,六级,巩
1632,六级,孤
1633,六级,股
1634,六级,骨
1635,六级,拐
1636,六级,官
1637,六级,贯
1638,六级,罐
1639,六级,归
1640,六级,龟
1641,六级,轨
1642,六级,跪
1643,六级,棍
1644,六级,涵
1645,六级,罕
1646,六级,旱
1647,六级,毫
1648,六级,豪
1649,六级,耗
1650,六级,核
1651,六级,嘿
1652,六级,痕
1653,六级,狠
1654,六级,恨
1655,六级,横
1656,六级,宏
1657,六级,虹
1658,六级,洪
1659,六级,壶
1660,六级,幻
1661,六级,患
1662,六级,皇
1663,六级,绘
1664,六级,混
1665,六级,惑
1666,六级,击
1667,六级,饥
1668,六级,吉
1669,六级,寂
1670,六级,夹
1671,六级,嫁
1672,六级,稼
1673,六级,尖
1674,六级,肩
1675,六级,监
1676,六级,兼
1677,六级,剑
1678,六级,鉴
1679,六级,箭
1680,六级,酱
1681,六级,胶
1682,六级,椒
1683,六级,焦
1684,六级,杰
1685,六级,洁
1686,六级,捷
1687,六级,截
1688,六级,戒
1689,六级,劲
1690,六级,井
1691,六级,颈
1692,六级,径
1693,六级,纠
1694,六级,舅
1695,六级,菊
1696,六级,矩
1697,六级,俱
1698,六级,惧
1699,六级,菌
1700,六级,刊
1701,六级,砍
1702,六级,抗
1703,六级,枯
1704,六级,酷
1705,六级,夸
1706,六级,馈
1707,六级,阔
1708,六级,啦
1709,六级,赖
1710,六级,兰
1711,六级,拦
1712,六级,栏
1713,六级,烂
1714,六级,狼
1715,六级,廊
1716,六级,朗
1717,六级,牢
1718,六级,雷
1719,六级,粒
1720,六级,怜
1721,六级,链
1722,六级,梁
1723,六级,晾
1724,六级,劣
1725,六级,淋
1726,六级,笼
1727,六级,露
1728,六级,轮
1729,六级,履
1730,六级,略
1731,六级,蚂
1732,六级,嘛
1733,六级,埋
1734,六级,迈
1735,六级,麦
1736,六级,盲
1737,六级,贸
1738,六级,眉
1739,六级,梅
1740,六级,煤
1741,六级,弥
1742,六级,蜜
1743,六级,棉
1744,六级,勉
1745,六级,妙
1746,六级,灭
1747,六级,摩
1748,六级,寞
1749,六级,纳
1750,六级,泥
1751,六级,拟
1752,六级,扭
1753,六级,怒
1754,六级,诺
1755,六级,盼
1756,六级,庞
1757,六级,抛
1758,六级,泡
1759,六级,佩
1760,六级,喷
1761,六级,捧
1762,六级,披
1763,六级,疲
1764,六级,飘
1765,六级,贫
1766,六级,坡
1767,六级,迫
1768,六级,扑
1769,六级,朴
1770,六级,铺
1771,六级,欺
1772,六级,棋
1773,六级,旗
1774,六级,启
1775,六级,恰
1776,六级,牵
1777,六级,谦
1778,六级,潜
1779,六级,枪
1780,六级,腔
1781,六级,瞧
1782,六级,倾
1783,六级,屈
1784,六级,渠
1785,六级,娶
1786,六级,圈
1787,六级,券
1788,六级,壤
1789,六级,绒
1790,六级,融
1791,六级,柔
1792,六级,撒
1793,六级,塞
1794,六级,嗓
1795,六级,丧
1796,六级,杀
1797,六级,刹
1798,六级,鲨
1799,六级,筛
1800,六级,闪
1801,六级,尚
1802,六级,舌
1803,六级,射
1804,六级,涉
1805,六级,审
1806,六级,甥
1807,六级,盛
1808,六级,狮
1809,六级,寿
1810,六级,薯
1811,六级,竖
1812,六级,漱
1813,六级,衰
1814,六级,瞬
1815,六级,艘
1816,六级,塔
1817,六级,踏
1818,六级,汰
1819,六级,坛
1820,六级,探
1821,六级,碳
1822,六级,烫
1823,六级,掏
1824,六级,逃
1825,六级,淘
1826,六级,添
1827,六级,田
1828,六级,铜
1829,六级,筒
1830,六级,偷
1831,六级,透
1832,六级,徒
1833,六级,吐
1834,六级,吞
1835,六级,托
1836,六级,挖
1837,六级,娃
1838,六级,哇
1839,六级,歪
1840,六级,顽
1841,六级,亡
1842,六级,王
1843,六级,委
1844,六级,谓
1845,六级,沃
1846,六级,乌
1847,六级,晰
1848,六级,媳
1849,六级,吓
1850,六级,嫌
1851,六级,陷
1852,六级,祥
1853,六级,宵
1854,六级,歇
1855,六级,谐
1856,六级,携
1857,六级,械
1858,六级,薪
1859,六级,胸
1860,六级,雄
1861,六级,袖
1862,六级,叙
1863,六级,蓄
1864,六级,旋
1865,六级,旬
1866,六级,循
1867,六级,讯
1868,六级,讶
1869,六级,淹
1870,六级,炎
1871,六级,艳
1872,六级,宴
1873,六级,央
1874,六级,仰
1875,六级,氧
1876,六级,痒
1877,六级,遥
1878,六级,野
1879,六级,液
1880,六级,仪
1881,六级,蚁
1882,六级,异
1883,六级,抑
1884,六级,疫
1885,六级,姻
1886,六级,隐
1887,六级,英
1888,六级,婴
1889,六级,颖
1890,六级,涌
1891,六级,忧
1892,六级,予
1893,六级,浴
1894,六级,欲
1895,六级,裕
1896,六级,誉
1897,六级,援
1898,六级,跃
1899,六级,晕
1900,六级,匀
1901,六级,孕
1902,六级,灾
1903,六级,遭
1904,六级,噪
1905,六级,燥
1906,六级,扎
1907,六级,宅
1908,六级,粘
1909,六级,崭
1910,六级,仗
1911,六级,障
1912,六级,枕
1913,六级,镇
1914,六级,睁
1915,六级,症
1916,六级,枝
1917,六级,脂
1918,六级,侄
1919,六级,殖
1920,六级,秩
1921,六级,肿
1922,六级,州
1923,六级,粥
1924,六级,骤
1925,六级,珠
1926,六级,株
1927,六级,诸
1928,六级,砖
1929,六级,妆
1930,六级,庄
1931,六级,壮
1932,六级,椎
1933,六级,捉
1934,六级,棕
1935,六级,踪
1936,六级,粽
1937,六级,奏
1938,六级,祖
1939,六级,钻
1940,六级,罪
1941,七-九级,哀
1942,七-九级,挨
1943,七-九级,癌
1944,七-九级,蔼
1945,七-九级,艾
1946,七-九级,隘
1947,七-九级,暧
1948,七-九级,凹
1949,七-九级,奥
1950,七-九级,扒
1951,七-九级,叭
1952,七-九级,芭
1953,七-九级,疤
1954,七-九级,靶
1955,七-九级,坝
1956,七-九级,罢
1957,七-九级,霸
1958,七-九级,掰
1959,七-九级,柏
1960,七-九级,扳
1961,七-九级,颁
1962,七-九级,斑
1963,七-九级,拌
1964,七-九级,绊
1965,七-九级,瓣
1966,七-九级,绑
1967,七-九级,谤
1968,七-九级,磅
1969,七-九级,煲
1970,七-九级,褒
1971,七-九级,雹
1972,七-九级,堡
1973,七-九级,豹
1974,七-九级,卑
1975,七-九级,碑
1976,七-九级,狈
1977,七-九级,惫
1978,七-九级,焙
1979,七-九级,崩
1980,七-九级,绷
1981,七-九级,迸
1982,七-九级,蹦
1983,七-九级,鄙
1984,七-九级,庇
1985,七-九级,毙
1986,七-九级,痹
1987,七-九级,碧
1988,七-九级,蔽
1989,七-九级,弊
1990,七-九级,鞭
1991,七-九级,贬
1992,七-九级,扁
1993,七-九级,辨
1994,七-九级,辩
1995,七-九级,辫
1996,七-九级,飙
1997,七-九级,憋
1998,七-九级,彬
1999,七-九级,滨
2000,七-九级,缤
2001,七-九级,濒
2002,七-九级,丙
2003,七-九级,秉
2004,七-九级,柄
2005,七-九级,波
2006,七-九级,剥
2007,七-九级,伯
2008,七-九级,驳
2009,七-九级,勃
2010,七-九级,舶
2011,七-九级,搏
2012,七-九级,簸
2013,七-九级,卜
2014,七-九级,哺
2015,七-九级,怖
2016,七-九级,睬
2017,七-九级,惭
2018,七-九级,惨
2019,七-九级,灿
2020,七-九级,璨
2021,七-九级,苍
2022,七-九级,沧
2023,七-九级,舱
2024,七-九级,糙
2025,七-九级,嘈
2026,七-九级,槽
2027,七-九级,蹭
2028,七-九级,岔
2029,七-九级,诧
2030,七-九级,掺
2031,七-九级,搀
2032,七-九级,馋
2033,七-九级,禅
2034,七-九级,缠
2035,七-九级,铲
2036,七-九级,阐
2037,七-九级,颤
2038,七-九级,昌
2039,七-九级,猖
2040,七-九级,敞
2041,七-九级,钞
2042,七-九级,巢
2043,七-九级,扯
2044,七-九级,澈
2045,七-九级,辰
2046,七-九级,陈
2047,七-九级,澄
2048,七-九级,逞
2049,七-九级,秤
2050,七-九级,痴
2051,七-九级,弛
2052,七-九级,驰
2053,七-九级,侈
2054,七-九级,耻
2055,七-九级,斥
2056,七-九级,赤
2057,七-九级,憧
2058,七-九级,仇
2059,七-九级,绸
2060,七-九级,畴
2061,七-九级,酬
2062,七-九级,稠
2063,七-九级,瞅
2064,七-九级,锄
2065,七-九级,橱
2066,七-九级,畜
2067,七-九级,矗
2068,七-九级,揣
2069,七-九级,踹
2070,七-九级,川
2071,七-九级,喘
2072,七-九级,幢
2073,七-九级,炊
2074,七-九级,捶
2075,七-九级,锤
2076,七-九级,唇
2077,七-九级,淳
2078,七-九级,醇
2079,七-九级,蠢
2080,七-九级,戳
2081,七-九级,绰
2082,七-九级,疵
2083,七-九级,慈
2084,七-九级,磁
2085,七-九级,雌
2086,七-九级,伺
2087,七-九级,赐
2088,七-九级,囱
2089,七-九级,葱
2090,七-九级,丛
2091,七-九级,凑
2092,七-九级,簇
2093,七-九级,窜
2094,七-九级,摧
2095,七-九级,璀
2096,七-九级,悴
2097,七-九级,粹
2098,七-九级,翠
2099,七-九级,搓
2100,七-九级,磋
2101,七-九级,瘩
2102,七-九级,歹
2103,七-九级,逮
2104,七-九级,怠
2105,七-九级,丹
2106,七-九级,惮
2107,七-九级,党
2108,七-九级,荡
2109,七-九级,叨
2110,七-九级,捣
2111,七-九级,祷
2112,七-九级,盗
2113,七-九级,悼
2114,七-九级,蹬
2115,七-九级,凳
2116,七-九级,瞪
2117,七-九级,堤
2118,七-九级,迪
2119,七-九级,涤
2120,七-九级,笛
2121,七-九级,嘀
2122,七-九级,蒂
2123,七-九级,缔
2124,七-九级,颠
2125,七-九级,巅
2126,七-九级,甸
2127,七-九级,垫
2128,七-九级,淀
2129,七-九级,惦
2130,七-九级,奠
2131,七-九级,殿
2132,七-九级,刁
2133,七-九级,叼
2134,七-九级,凋
2135,七-九级,雕
2136,七-九级,爹
2137,七-九级,迭
2138,七-九级,谍
2139,七-九级,叠
2140,七-九级,碟
2141,七-九级,丁
2142,七-九级,叮
2143,七-九级,盯
2144,七-九级,钉
2145,七-九级,鼎
2146,七-九级,董
2147,七-九级,兜
2148,七-九级,抖
2149,七-九级,陡
2150,七-九级,赌
2151,七-九级,睹
2152,七-九级,杜
2153,七-九级,妒
2154,七-九级,兑
2155,七-九级,敦
2156,七-九级,盹
2157,七-九级,炖
2158,七-九级,钝
2159,七-九级,哆
2160,七-九级,舵
2161,七-九级,堕
2162,七-九级,惰
2163,七-九级,讹
2164,七-九级,鹅
2165,七-九级,厄
2166,七-九级,遏
2167,七-九级,噩
2168,七-九级,鳄
2169,七-九级,恩
2170,七-九级,饵
2171,七-九级,伐
2172,七-九级,阀
2173,七-九级,贩
2174,七-九级,坊
2175,七-九级,芳
2176,七-九级,纺
2177,七-九级,绯
2178,七-九级,匪
2179,七-九级,诽
2180,七-九级,废
2181,七-九级,沸
2182,七-九级,芬
2183,七-九级,吩
2184,七-九级,坟
2185,七-九级,焚
2186,七-九级,粪
2187,七-九级,锋
2188,七-九级,逢
2189,七-九级,讽
2190,七-九级,凤
2191,七-九级,缝
2192,七-九级,孵
2193,七-九级,敷
2194,七-九级,伏
2195,七-九级,俘
2196,七-九级,袱
2197,七-九级,辐
2198,七-九级,抚
2199,七-九级,斧
2200,七-九级,俯
2201,七-九级,咐
2202,七-九级,赴
2203,七-九级,腹
2204,七-九级,缚
2205,七-九级,丐
2206,七-九级,钙
2207,七-九级,溉
2208,七-九级,甘
2209,七-九级,杆
2210,七-九级,竿
2211,七-九级,纲
2212,七-九级,缸
2213,七-九级,杠
2214,七-九级,戈
2215,七-九级,疙
2216,七-九级,鸽
2217,七-九级,搁
2218,七-九级,阁
2219,七-九级,骼
2220,七-九级,耕
2221,七-九级,耿
2222,七-九级,哽
2223,七-九级,弓
2224,七-九级,躬
2225,七-九级,拱
2226,七-九级,勾
2227,七-九级,钩
2228,七-九级,苟
2229,七-九级,咕
2230,七-九级,菇
2231,七-九级,辜
2232,七-九级,谷
2233,七-九级,雇
2234,七-九级,寡
2235,七-九级,卦
2236,七-九级,乖
2237,七-九级,棺
2238,七-九级,灌
2239,七-九级,闺
2240,七-九级,诡
2241,七-九级,鬼
2242,七-九级,桂
2243,七-九级,骇
2244,七-九级,酣
2245,七-九级,憨
2246,七-九级,函
2247,七-九级,捍
2248,七-九级,撼
2249,七-九级,瀚
2250,七-九级,夯
2251,七-九级,浩
2252,七-九级,呵
2253,七-九级,禾
2254,七-九级,阂
2255,七-九级,荷
2256,七-九级,赫
2257,七-九级,鹤
2258,七-九级,哼
2259,七-九级,恒
2260,七-九级,轰
2261,七-九级,哄
2262,七-九级,烘
2263,七-九级,弘
2264,七-九级,喉
2265,七-九级,吼
2266,七-九级,狐
2267,七-九级,唬
2268,七-九级,哗
2269,七-九级,猾
2270,七-九级,徊
2271,七-九级,槐
2272,七-九级,唤
2273,七-九级,焕
2274,七-九级,痪
2275,七-九级,荒
2276,七-九级,慌
2277,七-九级,凰
2278,七-九级,煌
2279,七-九级,恍
2280,七-九级,晃
2281,七-九级,谎
2282,七-九级,辉
2283,七-九级,徽
2284,七-九级,毁
2285,七-九级,卉
2286,七-九级,讳
2287,七-九级,贿
2288,七-九级,秽
2289,七-九级,昏
2290,七-九级,荤
2291,七-九级,浑
2292,七-九级,魂
2293,七-九级,豁
2294,七-九级,霍
2295,七-九级,讥
2296,七-九级,缉
2297,七-九级,畸
2298,七-九级,稽
2299,七-九级,汲
2300,七-九级,棘
2301,七-九级,嫉
2302,七-九级,脊
2303,七-九级,忌
2304,七-九级,剂
2305,七-九级,祭
2306,七-九级,暨
2307,七-九级,颊
2308,七-九级,贾
2309,七-九级,奸
2310,七-九级,歼
2311,七-九级,煎
2312,七-九级,拣
2313,七-九级,柬
2314,七-九级,俭
2315,七-九级,贱
2316,七-九级,舰
2317,七-九级,溅
2318,七-九级,姜
2319,七-九级,僵
2320,七-九级,疆
2321,七-九级,桨
2322,七-九级,匠
2323,七-九级,娇
2324,七-九级,跤
2325,七-九级,礁
2326,七-九级,侥
2327,七-九级,狡
2328,七-九级,绞
2329,七-九级,矫
2330,七-九级,搅
2331,七-九级,缴
2332,七-九级,轿
2333,七-九级,酵
2334,七-九级,皆
2335,七-九级,揭
2336,七-九级,劫
2337,七-九级,竭
2338,七-九级,诫
2339,七-九级,津
2340,七-九级,筋
2341,七-九级,锦
2342,七-九级,晋
2343,七-九级,浸
2344,七-九级,茎
2345,七-九级,荆
2346,七-九级,晶
2347,七-九级,兢
2348,七-九级,鲸
2349,七-九级,阱
2350,七-九级,憬
2351,七-九级,窘
2352,七-九级,揪
2353,七-九级,灸
2354,七-九级,拘
2355,七-九级,鞠
2356,七-九级,咀
2357,七-九级,沮
2358,七-九级,炬
2359,七-九级,倦
2360,七-九级,诀
2361,七-九级,抉
2362,七-九级,倔
2363,七-九级,掘
2364,七-九级,崛
2365,七-九级,嚼
2366,七-九级,君
2367,七-九级,钧
2368,七-九级,俊
2369,七-九级,峻
2370,七-九级,骏
2371,七-九级,竣
2372,七-九级,凯
2373,七-九级,慨
2374,七-九级,楷
2375,七-九级,勘
2376,七-九级,堪
2377,七-九级,坎
2378,七-九级,侃
2379,七-九级,槛
2380,七-九级,慷
2381,七-九级,扛
2382,七-九级,苛
2383,七-九级,磕
2384,七-九级,壳
2385,七-九级,坷
2386,七-九级,垦
2387,七-九级,恳
2388,七-九级,啃
2389,七-九级,坑
2390,七-九级,吭
2391,七-九级,孔
2392,七-九级,抠
2393,七-九级,窟
2394,七-九级,垮
2395,七-九级,挎
2396,七-九级,跨
2397,七-九级,筐
2398,七-九级,旷
2399,七-九级,框
2400,七-九级,眶
2401,七-九级,窥
2402,七-九级,魁
2403,七-九级,溃
2404,七-九级,愧
2405,七-九级,捆
2406,七-九级,廓
2407,七-九级,喇
2408,七-九级,腊
2409,七-九级,蜡
2410,七-九级,睐
2411,七-九级,婪
2412,七-九级,澜
2413,七-九级,揽
2414,七-九级,缆
2415,七-九级,滥
2416,七-九级,捞
2417,七-九级,唠
2418,七-九级,涝
2419,七-九级,酪
2420,七-九级,勒
2421,七-九级,垒
2422,七-九级,磊
2423,七-九级,蕾
2424,七-九级,棱
2425,七-九级,愣
2426,七-九级,狸
2427,七-九级,黎
2428,七-九级,鲤
2429,七-九级,吏
2430,七-九级,隶
2431,七-九级,莉
2432,七-九级,莅
2433,七-九级,帘
2434,七-九级,莲
2435,七-九级,廉
2436,七-九级,敛
2437,七-九级,辽
2438,七-九级,僚
2439,七-九级,寥
2440,七-九级,潦
2441,七-九级,咧
2442,七-九级,猎
2443,七-九级,裂
2444,七-九级,拎
2445,七-九级,麟
2446,七-九级,吝
2447,七-九级,赁
2448,七-九级,陵
2449,七-九级,聆
2450,七-九级,岭
2451,七-九级,溜
2452,七-九级,瘤
2453,七-九级,柳
2454,七-九级,遛
2455,七-九级,咙
2456,七-九级,胧
2457,七-九级,聋
2458,七-九级,隆
2459,七-九级,窿
2460,七-九级,拢
2461,七-九级,垄
2462,七-九级,搂
2463,七-九级,陋
2464,七-九级,炉
2465,七-九级,卤
2466,七-九级,虏
2467,七-九级,鲁
2468,七-九级,赂
2469,七-九级,鹿
2470,七-九级,孪
2471,七-九级,卵
2472,七-九级,抡
2473,七-九级,伦
2474,七-九级,啰
2475,七-九级,罗
2476,七-九级,萝
2477,七-九级,螺
2478,七-九级,裸
2479,七-九级,侣
2480,七-九级,屡
2481,七-九级,缕
2482,七-九级,滤
2483,七-九级,掠
2484,七-九级,脉
2485,七-九级,蛮
2486,七-九级,瞒
2487,七-九级,蔓
2488,七-九级,芒
2489,七-九级,氓
2490,七-九级,茫
2491,七-九级,莽
2492,七-九级,髦
2493,七-九级,茂
2494,七-九级,枚
2495,七-九级,霉
2496,七-九级,昧
2497,七-九级,寐
2498,七-九级,媚
2499,七-九级,闷
2500,七-九级,萌
2501,七-九级,蒙
2502,七-九级,盟
2503,七-九级,朦
2504,七-九级,猛
2505,七-九级,眯
2506,七-九级,谜
2507,七-九级,觅
2508,七-九级,泌
2509,七-九级,绵
2510,七-九级,缅
2511,七-九级,腼
2512,七-九级,苗
2513,七-九级,瞄
2514,七-九级,渺
2515,七-九级,藐
2516,七-九级,庙
2517,七-九级,蔑
2518,七-九级,鸣
2519,七-九级,铭
2520,七-九级,谬
2521,七-九级,膜
2522,七-九级,磨
2523,七-九级,蘑
2524,七-九级,魔
2525,七-九级,抹
2526,七-九级,茉
2527,七-九级,沫
2528,七-九级,莫
2529,七-九级,墨
2530,七-九级,谋
2531,七-九级,牡
2532,七-九级,亩
2533,七-九级,拇
2534,七-九级,姆
2535,七-九级,沐
2536,七-九级,牧
2537,七-九级,募
2538,七-九级,墓
2539,七-九级,睦
2540,七-九级,暮
2541,七-九级,呐
2542,七-九级,乃
2543,七-九级,囊
2544,七-九级,挠
2545,七-九级,馁
2546,七-九级,嫩
2547,七-九级,逆
2548,七-九级,匿
2549,七-九级,腻
2550,七-九级,溺
2551,七-九级,黏
2552,七-九级,撵
2553,七-九级,酿
2554,七-九级,尿
2555,七-九级,捏
2556,七-九级,宁
2557,七-九级,拧
2558,七-九级,凝
2559,七-九级,泞
2560,七-九级,纽
2561,七-九级,钮
2562,七-九级,奴
2563,七-九级,虐
2564,七-九级,挪
2565,七-九级,殴
2566,七-九级,呕
2567,七-九级,趴
2568,七-九级,帕
2569,七-九级,徘
2570,七-九级,湃
2571,七-九级,攀
2572,七-九级,叛
2573,七-九级,畔
2574,七-九级,螃
2575,七-九级,刨
2576,七-九级,袍
2577,七-九级,炮
2578,七-九级,胚
2579,七-九级,沛
2580,七-九级,抨
2581,七-九级,烹
2582,七-九级,棚
2583,七-九级,蓬
2584,七-九级,鹏
2585,七-九级,澎
2586,七-九级,篷
2587,七-九级,膨
2588,七-九级,劈
2589,七-九级,屁
2590,七-九级,辟
2591,七-九级,媲
2592,七-九级,僻
2593,七-九级,譬
2594,七-九级,偏
2595,七-九级,撇
2596,七-九级,坪
2597,七-九级,萍
2598,七-九级,泊
2599,七-九级,颇
2600,七-九级,粕
2601,七-九级,魄
2602,七-九级,剖
2603,七-九级,仆
2604,七-九级,菩
2605,七-九级,谱
2606,七-九级,瀑
2607,七-九级,曝
2608,七-九级,沏
2609,七-九级,栖
2610,七-九级,凄
2611,七-九级,漆
2612,七-九级,蹊
2613,七-九级,歧
2614,七-九级,祈
2615,七-九级,崎
2616,七-九级,乞
2617,七-九级,岂
2618,七-九级,迄
2619,七-九级,泣
2620,七-九级,契
2621,七-九级,砌
2622,七-九级,掐
2623,七-九级,洽
2624,七-九级,迁
2625,七-九级,虔
2626,七-九级,遣
2627,七-九级,谴
2628,七-九级,嵌
2629,七-九级,呛
2630,七-九级,跷
2631,七-九级,侨
2632,七-九级,憔
2633,七-九级,俏
2634,七-九级,峭
2635,七-九级,窍
2636,七-九级,翘
2637,七-九级,撬
2638,七-九级,怯
2639,七-九级,窃
2640,七-九级,惬
2641,七-九级,锲
2642,七-九级,钦
2643,七-九级,侵
2644,七-九级,禽
2645,七-九级,寝
2646,七-九级,擎
2647,七-九级,顷
2648,七-九级,丘
2649,七-九级,囚
2650,七-九级,岖
2651,七-九级,驱
2652,七-九级,躯
2653,七-九级,诠
2654,七-九级,拳
2655,七-九级,犬
2656,七-九级,瘸
2657,七-九级,雀
2658,七-九级,攘
2659,七-九级,嚷
2660,七-九级,饶
2661,七-九级,惹
2662,七-九级,仁
2663,七-九级,韧
2664,七-九级,饪
2665,七-九级,溶
2666,七-九级,冗
2667,七-九级,揉
2668,七-九级,乳
2669,七-九级,辱
2670,七-九级,锐
2671,七-九级,瑞
2672,七-九级,若
2673,七-九级,萨
2674,七-九级,桑
2675,七-九级,骚
2676,七-九级,嫂
2677,七-九级,涩
2678,七-九级,啬
2679,七-九级,僧
2680,七-九级,纱
2681,七-九级,煽
2682,七-九级,膳
2683,七-九级,赡
2684,七-九级,裳
2685,七-九级,捎
2686,七-九级,梢
2687,七-九级,哨
2688,七-九级,奢
2689,七-九级,慑
2690,七-九级,呻
2691,七-九级,绅
2692,七-九级,肾
2693,七-九级,渗
2694,七-九级,牲
2695,七-九级,绳
2696,七-九级,圣
2697,七-九级,尸
2698,七-九级,蚀
2699,七-九级,矢
2700,七-九级,屎
2701,七-九级,侍
2702,七-九级,逝
2703,七-九级,嗜
2704,七-九级,誓
2705,七-九级,兽
2706,七-九级,抒
2707,七-九级,枢
2708,七-九级,梳
2709,七-九级,疏
2710,七-九级,赎
2711,七-九级,署
2712,七-九级,曙
2713,七-九级,恕
2714,七-九级,墅
2715,七-九级,耍
2716,七-九级,甩
2717,七-九级,拴
2718,七-九级,涮
2719,七-九级,霜
2720,七-九级,爽
2721,七-九级,烁
2722,七-九级,丝
2723,七-九级,撕
2724,七-九级,寺
2725,七-九级,祀
2726,七-九级,饲
2727,七-九级,肆
2728,七-九级,怂
2729,七-九级,耸
2730,七-九级,讼
2731,七-九级,诵
2732,七-九级,颂
2733,七-九级,苏
2734,七-九级,酥
2735,七-九级,溯
2736,七-九级,蒜
2737,七-九级,髓
2738,七-九级,隧
2739,七-九级,邃
2740,七-九级,唆
2741,七-九级,梭
2742,七-九级,嗦
2743,七-九级,琐
2744,七-九级,塌
2745,七-九级,拓
2746,七-九级,蹋
2747,七-九级,胎
2748,七-九级,泰
2749,七-九级,贪
2750,七-九级,摊
2751,七-九级,滩
2752,七-九级,瘫
2753,七-九级,痰
2754,七-九级,潭
2755,七-九级,坦
2756,七-九级,毯
2757,七-九级,叹
2758,七-九级,炭
2759,七-九级,唐
2760,七-九级,塘
2761,七-九级,膛
2762,七-九级,倘
2763,七-九级,淌
2764,七-九级,涛
2765,七-九级,滔
2766,七-九级,陶
2767,七-九级,腾
2768,七-九级,藤
2769,七-九级,剔
2770,七-九级,屉
2771,七-九级,剃
2772,七-九级,涕
2773,七-九级,惕
2774,七-九级,嚏
2775,七-九级,腆
2776,七-九级,舔
2777,七-九级,眺
2778,七-九级,帖
2779,七-九级,廷
2780,七-九级,亭
2781,七-九级,艇
2782,七-九级,捅
2783,七-九级,凸
2784,七-九级,秃
2785,七-九级,涂
2786,七-九级,屠
2787,七-九级,颓
2788,七-九级,豚
2789,七-九级,臀
2790,七-九级,驮
2791,七-九级,妥
2792,七-九级,椭
2793,七-九级,唾
2794,七-九级,蛙
2795,七-九级,瓦
2796,七-九级,湾
2797,七-九级,丸
2798,七-九级,挽
2799,七-九级,惋
2800,七-九级,婉
2801,七-九级,腕
2802,七-九级,汪
2803,七-九级,枉
2804,七-九级,妄
2805,七-九级,旺
2806,七-九级,帷
2807,七-九级,伪
2808,七-九级,纬
2809,七-九级,萎
2810,七-九级,畏
2811,七-九级,蔚
2812,七-九级,瘟
2813,七-九级,纹
2814,七-九级,蚊
2815,七-九级,吻
2816,七-九级,紊
2817,七-九级,翁
2818,七-九级,涡
2819,七-九级,窝
2820,七-九级,幄
2821,七-九级,呜
2822,七-九级,诬
2823,七-九级,侮
2824,七-九级,捂
2825,七-九级,兀
2826,七-九级,勿
2827,七-九级,悟
2828,七-九级,晤
2829,七-九级,昔
2830,七-九级,牺
2831,七-九级,奚
2832,七-九级,稀
2833,七-九级,犀
2834,七-九级,锡
2835,七-九级,溪
2836,七-九级,熙
2837,七-九级,熄
2838,七-九级,膝
2839,七-九级,嬉
2840,七-九级,袭
2841,七-九级,徙
2842,七-九级,隙
2843,七-九级,虾
2844,七-九级,瞎
2845,七-九级,侠
2846,七-九级,峡
2847,七-九级,狭
2848,七-九级,瑕
2849,七-九级,辖
2850,七-九级,霞
2851,七-九级,仙
2852,七-九级,纤
2853,七-九级,掀
2854,七-九级,贤
2855,七-九级,弦
2856,七-九级,衔
2857,七-九级,宪
2858,七-九级,馅
2859,七-九级,镶
2860,七-九级,翔
2861,七-九级,巷
2862,七-九级,萧
2863,七-九级,潇
2864,七-九级,嚣
2865,七-九级,淆
2866,七-九级,晓
2867,七-九级,孝
2868,七-九级,啸
2869,七-九级,邪
2870,七-九级,挟
2871,七-九级,泄
2872,七-九级,泻
2873,七-九级,卸
2874,七-九级,屑
2875,七-九级,懈
2876,七-九级,蟹
2877,七-九级,芯
2878,七-九级,馨
2879,七-九级,衅
2880,七-九级,猩
2881,七-九级,腥
2882,七-九级,刑
2883,七-九级,凶
2884,七-九级,汹
2885,七-九级,朽
2886,七-九级,绣
2887,七-九级,锈
2888,七-九级,嗅
2889,七-九级,吁
2890,七-九级,墟
2891,七-九级,徐
2892,七-九级,旭
2893,七-九级,恤
2894,七-九级,酗
2895,七-九级,絮
2896,七-九级,婿
2897,七-九级,喧
2898,七-九级,暄
2899,七-九级,玄
2900,七-九级,悬
2901,七-九级,炫
2902,七-九级,削
2903,七-九级,靴
2904,七-九级,穴
2905,七-九级,勋
2906,七-九级,熏
2907,七-九级,巡
2908,七-九级,汛
2909,七-九级,驯
2910,七-九级,逊
2911,七-九级,丫
2912,七-九级,鸦
2913,七-九级,芽
2914,七-九级,崖
2915,七-九级,涯
2916,七-九级,哑
2917,七-九级,雅
2918,七-九级,揠
2919,七-九级,岩
2920,七-九级,阎
2921,七-九级,檐
2922,七-九级,衍
2923,七-九级,掩
2924,七-九级,咽
2925,七-九级,雁
2926,七-九级,焰
2927,七-九级,燕
2928,七-九级,殃
2929,七-九级,秧
2930,七-九级,杨
2931,七-九级,漾
2932,七-九级,妖
2933,七-九级,肴
2934,七-九级,窑
2935,七-九级,谣
2936,七-九级,耀
2937,七-九级,椰
2938,七-九级,冶
2939,七-九级,夷
2940,七-九级,怡
2941,七-九级,矣
2942,七-九级,倚
2943,七-九级,屹
2944,七-九级,亦
2945,七-九级,役
2946,七-九级,绎
2947,七-九级,弈
2948,七-九级,逸
2949,七-九级,裔
2950,七-九级,溢
2951,七-九级,毅
2952,七-九级,翼
2953,七-九级,荫
2954,七-九级,殷
2955,七-九级,吟
2956,七-九级,瘾
2957,七-九级,鹰
2958,七-九级,荧
2959,七-九级,盈
2960,七-九级,莹
2961,七-九级,蝇
2962,七-九级,佣
2963,七-九级,庸
2964,七-九级,恿
2965,七-九级,踊
2966,七-九级,佑
2967,七-九级,诱
2968,七-九级,淤
2969,七-九级,渔
2970,七-九级,逾
2971,七-九级,愚
2972,七-九级,舆
2973,七-九级,屿
2974,七-九级,宇
2975,七-九级,驭
2976,七-九级,郁
2977,七-九级,狱
2978,七-九级,御
2979,七-九级,愈
2980,七-九级,冤
2981,七-九级,渊
2982,七-九级,缘
2983,七-九级,辕
2984,七-九级,曰
2985,七-九级,岳
2986,七-九级,悦
2987,七-九级,耘
2988,七-九级,陨
2989,七-九级,酝
2990,七-九级,韵
2991,七-九级,蕴
2992,七-九级,熨
2993,七-九级,砸
2994,七-九级,栽
2995,七-九级,宰
2996,七-九级,攒
2997,七-九级,赃
2998,七-九级,葬
2999,七-九级,凿
3000,七-九级,枣
3001,七-九级,藻
3002,七-九级,皂
3003,七-九级,灶
3004,七-九级,躁
3005,七-九级,泽
3006,七-九级,贼
3007,七-九级,渣
3008,七-九级,闸
3009,七-九级,眨
3010,七-九级,诈
3011,七-九级,榨
3012,七-九级,债
3013,七-九级,寨
3014,七-九级,沾
3015,七-九级,瞻
3016,七-九级,斩
3017,七-九级,盏
3018,七-九级,辗
3019,七-九级,绽
3020,七-九级,湛
3021,七-九级,蘸
3022,七-九级,彰
3023,七-九级,杖
3024,七-九级,帐
3025,七-九级,胀
3026,七-九级,爪
3027,七-九级,沼
3028,七-九级,兆
3029,七-九级,罩
3030,七-九级,肇
3031,七-九级,遮
3032,七-九级,辙
3033,七-九级,贞
3034,七-九级,侦
3035,七-九级,斟
3036,七-九级,振
3037,七-九级,筝
3038,七-九级,蒸
3039,七-九级,拯
3040,七-九级,郑
3041,七-九级,芝
3042,七-九级,肢
3043,七-九级,旨
3044,七-九级,帜
3045,七-九级,峙
3046,七-九级,挚
3047,七-九级,掷
3048,七-九级,窒
3049,七-九级,滞
3050,七-九级,稚
3051,七-九级,忠
3052,七-九级,衷
3053,七-九级,仲
3054,七-九级,舟
3055,七-九级,轴
3056,七-九级,帚
3057,七-九级,宙
3058,七-九级,昼
3059,七-九级,皱
3060,七-九级,朱
3061,七-九级,烛
3062,七-九级,拄
3063,七-九级,嘱
3064,七-九级,瞩
3065,七-九级,贮
3066,七-九级,驻
3067,七-九级,柱
3068,七-九级,蛀
3069,七-九级,铸
3070,七-九级,拽
3071,七-九级,撰
3072,七-九级,桩
3073,七-九级,坠
3074,七-九级,缀
3075,七-九级,赘
3076,七-九级,拙
3077,七-九级,灼
3078,七-九级,茁
3079,七-九级,卓
3080,七-九级,浊
3081,七-九级,酌
3082,七-九级,兹
3083,七-九级,滋
3084,七-九级,籽
3085,七-九级,宗
3086,七-九级,纵
3087,七-九级,揍
3088,七-九级,琢
